{"rootCon": {"knot": [0, 1, 2, 3, 4, 5, 6, 7, 8, 9, 10, 11, 12, 13, 14, 15, 16], "degree": 1, "point": [[-3.5811919442553073, 0.0, 0.0], [-2.2275860266254566, 0.0, -1.3365516662597656], [-1.336551615975274, 0.0, -1.336551615975274], [-1.3365516662597656, 0.0, -2.2275860266254566], [0.0, 0.0, -3.5811919442553073], [1.3365516662597656, 0.0, -2.2275860266254566], [1.336551615975274, 0.0, -1.336551615975274], [2.2275860266254566, 0.0, -1.3365516662597656], [3.5811919442553073, 0.0, 0.0], [2.2275860266254566, 0.0, 1.3365516662597656], [1.336551615975274, 0.0, 1.336551615975274], [1.3365516662597656, 0.0, 2.2275860266254566], [0.0, 0.0, 3.5811919442553073], [-1.3365516662597656, 0.0, 2.2275860266254566], [-1.336551615975274, 0.0, 1.336551615975274], [-2.2275860266254566, 0.0, 1.3365516662597656], [-3.5811919442553073, 0.0, 0.0]]}, "world": {"degree": 1, "knot": [0, 1, 2, 3, 4, 5, 6, 7, 8, 9, 10, 11, 12, 13, 14, 15, 16, 17, 18, 19, 20, 21, 22, 23, 24], "point": [[-4.5, 0.0, 0.0], [-2.5, 0.0, -2.0], [-2.5, 0.0, -1.5], [-1.5, 0.0, -1.5], [-1.5, 0.0, -2.5], [-2.0, 0.0, -2.5], [0.0, 0.0, -4.5], [2.0, 0.0, -2.5], [1.5, 0.0, -2.5], [1.5, 0.0, -1.5], [2.5, 0.0, -1.5], [2.5, 0.0, -2.0], [4.5, 0.0, 0.0], [2.5, 0.0, 2.0], [2.5, 0.0, 1.5], [1.5, 0.0, 1.5], [1.5, 0.0, 2.5], [2.0, 0.0, 2.5], [0.0, 0.0, 4.5], [-2.0, 0.0, 2.5], [-1.5, 0.0, 2.5], [-1.5, 0.0, 1.5], [-2.5, 0.0, 1.5], [-2.5, 0.0, 2.0], [-4.5, 0.0, 0.0]]}}
